"Time_Iter","Outer_Iter","Inner_Iter",    "rms[Rho]"    ,    "rms[RhoU]"   ,    "rms[RhoV]"   ,    "rms[RhoE]"   
          0,           0,           0,      -4.832036338,      -2.534719012,      -2.822193815,        1.19145283
          0,           0,           1,      -4.860430744,      -2.559017575,      -2.895833148,       1.162737838
          0,           0,           2,      -4.897743235,      -2.588215193,      -2.978473048,       1.125171742
          0,           0,           3,      -4.959487812,      -2.630180231,      -3.010626164,       1.063181964
          0,           0,           4,      -5.063424953,       -2.70269908,      -3.011094373,      0.9587993115
          0,           0,           5,       -5.18970811,      -2.810929672,      -3.067024052,      0.8317109857
          0,           0,           6,      -5.285546012,      -2.898337939,      -3.175175862,      0.7351859009
          0,           0,           7,      -5.351857562,      -2.926514825,      -3.297126605,      0.6690830807
          0,           0,           8,      -5.393563644,      -2.928736024,      -3.405938884,      0.6280272617
          0,           0,           9,      -5.404471659,      -2.930102523,      -3.472011633,      0.6173328559
          0,           0,          10,      -5.409002266,      -2.943305757,      -3.506440677,      0.6127933731
          0,           0,          11,      -5.435424513,      -2.968442977,      -3.515516765,      0.5861682677
          0,           0,          12,      -5.460122163,      -2.983893245,      -3.526862559,      0.5613462203
          0,           0,          13,      -5.468080222,      -2.992880918,      -3.536985747,      0.5534530599
          0,           0,          14,      -5.478127393,      -3.012676687,       -3.54189251,      0.5433261926
          0,           0,          15,      -5.501365627,      -3.045796908,      -3.548736953,      0.5199234862
          0,           0,          16,      -5.535602344,      -3.086587521,      -3.561328346,      0.4854133343
          0,           0,          17,      -5.575142711,      -3.131195727,       -3.57853728,      0.4455516784
          0,           0,          18,      -5.614034849,      -3.174765767,      -3.597787679,      0.4063588803
          0,           0,          19,      -5.647342924,      -3.209544198,      -3.617179406,      0.3728386668
          0,           0,          20,      -5.670330594,      -3.227207267,      -3.635763568,      0.3498409857
          0,           0,          21,      -5.680285592,      -3.226556805,      -3.652448636,      0.3400339772
          0,           0,          22,      -5.679091753,       -3.21510704,      -3.665966186,      0.3415042699
          0,           0,          23,      -5.672198515,       -3.20176052,      -3.676394705,      0.3486886597
          0,           0,          24,       -5.66501483,      -3.192005718,      -3.684842573,      0.3559744646
          0,           0,          25,      -5.660791302,      -3.187696518,      -3.692701644,      0.3602307582
          0,           0,          26,      -5.660505594,        -3.1890575,      -3.701419815,      0.3604015167
          0,           0,          27,      -5.664209628,      -3.195907285,      -3.711498568,      0.3565578639
          0,           0,          28,      -5.672164681,      -3.208604251,      -3.722499989,      0.3484359932
          0,           0,          29,      -5.684792794,      -3.227268998,      -3.733973332,      0.3356565611
          0,           0,          30,      -5.701968804,      -3.250577337,      -3.745584117,      0.3183270747
          0,           0,          31,      -5.722849345,      -3.276141988,      -3.757185216,      0.2973463035
          0,           0,          32,      -5.745605629,      -3.300607013,      -3.768922261,      0.2744857601
          0,           0,          33,      -5.783894411,      -3.377529958,      -3.753956116,      0.2353237111
          0,           0,          34,      -5.824178816,      -3.357286353,       -3.80737601,      0.1948215813
          0,           0,          35,      -5.836203696,      -3.407965732,      -3.796289744,      0.1824029734
          0,           0,          36,      -5.851934016,       -3.36784495,      -3.824608949,      0.1670136046
          0,           0,          37,      -5.854635974,      -3.413191859,      -3.808484977,      0.1641183679
          0,           0,          38,      -5.867790191,      -3.375025521,      -3.835902214,       0.151233617
          0,           0,          39,      -5.870472754,      -3.421333647,      -3.822300415,      0.1483874709
          0,           0,          40,       -5.88250402,      -3.380758598,      -3.854404148,      0.1366469566
          0,           0,          41,      -5.854082752,      -3.350010619,      -3.864030506,      0.1660298244
          0,           0,          42,      -5.839033392,      -3.339742495,      -3.865649912,      0.1815389986
          0,           0,          43,      -5.842434916,      -3.354485598,       -3.87323396,      0.1782722915
          0,           0,          44,      -5.855104985,        -3.3764142,      -3.889936131,      0.1656175476
          0,           0,          45,      -5.869395086,      -3.397868294,      -3.909757698,      0.1513100848
          0,           0,          46,      -5.885280459,      -3.421924066,      -3.929152102,      0.1354002409
          0,           0,          47,      -5.904862625,      -3.452152823,      -3.949263288,      0.1157472203
          0,           0,          48,      -5.928704321,      -3.489105278,      -3.972214461,     0.09180978092
          0,           0,          49,       -5.95581195,      -3.531387118,      -3.998954695,     0.06456730867
          0,           0,          50,      -5.984604829,      -3.577065098,      -4.029084229,     0.03564268343
          0,           0,          51,      -6.013298853,      -3.623514005,      -4.062320363,    0.006825748011
          0,           0,          52,      -6.040093474,      -3.667291664,      -4.097633598,    -0.01999458148
          0,           0,          53,      -6.063781907,       -3.70674882,      -4.134492078,    -0.04362167703
          0,           0,          54,       -6.08409491,      -3.741807159,      -4.171750774,    -0.06380004926
          0,           0,          55,      -6.100910139,       -3.77167338,      -4.208594053,    -0.08047191983
          0,           0,          56,      -6.115054986,      -3.798084437,       -4.24447019,      -0.094432093
          0,           0,          57,      -6.127489869,      -3.822578591,      -4.278384177,     -0.1066897344
          0,           0,          58,      -6.139092159,      -3.845749467,      -4.309858665,     -0.1181149777
          0,           0,          59,      -6.150633082,      -3.868529663,      -4.338869161,     -0.1295201094
          0,           0,          60,      -6.162734128,      -3.891415187,      -4.365724862,     -0.1415204013
          0,           0,          61,      -6.175804272,      -3.914821467,      -4.390538165,     -0.1545107463
          0,           0,          62,      -6.190086841,      -3.937849108,       -4.41414098,     -0.1687434358
          0,           0,          63,      -6.205785795,      -3.960792922,      -4.437148285,        -0.1844052
          0,           0,          64,      -6.223008391,      -3.983735102,       -4.46006681,      -0.201587504
          0,           0,          65,      -6.241799983,      -4.006621784,      -4.483524468,     -0.2203436498
          0,           0,          66,      -6.262124206,       -4.02916894,       -4.50777585,     -0.2406334889
          0,           0,          67,      -6.283943129,      -4.051105259,      -4.532975508,     -0.2624221716
          0,           0,          68,      -6.307163283,      -4.072027143,       -4.55937632,     -0.2856108696
          0,           0,          69,      -6.331693263,      -4.091721734,      -4.587045858,     -0.3101094326
          0,           0,          70,      -6.357464533,      -4.110137397,      -4.615965318,     -0.3358519935
          0,           0,          71,       -6.38438963,      -4.127385628,      -4.646133205,     -0.3627524318
          0,           0,          72,      -6.412311416,       -4.14320979,      -4.677477666,     -0.3906471317
          0,           0,          73,      -6.441114286,      -4.157770027,      -4.709888868,      -0.419424396
          0,           0,          74,      -6.470654257,      -4.171472151,      -4.743312639,     -0.4489430709
          0,           0,          75,      -6.500687025,      -4.184415859,      -4.777668083,     -0.4789574254
          0,           0,          76,      -6.530873796,      -4.196782991,      -4.812859933,     -0.5091187393
          0,           0,          77,      -6.560843167,      -4.208952536,      -4.848627643,     -0.5390695425
          0,           0,          78,      -6.589958387,      -4.220797581,      -4.884554052,     -0.5681498496
          0,           0,          79,      -6.617705035,      -4.232812221,      -4.919973853,     -0.5958680041
          0,           0,          80,       -6.64319234,      -4.244966875,        -4.9538529,     -0.6212991389
          0,           0,          81,      -6.665856548,      -4.257609629,      -4.984847034,     -0.6439151456
          0,           0,          82,      -6.684879787,      -4.270686805,      -5.011499689,     -0.6628636935
          0,           0,          83,      -6.699944219,      -4.284339008,      -5.032428796,     -0.6778622174
          0,           0,          84,      -6.710743612,        -4.2985695,      -5.046683506,     -0.6885774408
          0,           0,          85,      -6.717578063,      -4.313477768,      -5.054069262,     -0.6953441623
          0,           0,          86,       -6.72080999,      -4.329016788,      -5.055347571,     -0.6985023878
          0,           0,          87,      -6.721248845,        -4.3452993,      -5.051749984,     -0.6988880327
          0,           0,          88,      -6.719599847,        -4.3623129,      -5.044814974,     -0.6971889411
          0,           0,          89,      -6.716700899,      -4.380069971,      -5.036018587,      -0.694259181
          0,           0,          90,       -6.71319041,       -4.39849917,      -5.026534163,     -0.6907251385
          0,           0,          91,      -6.709653824,      -4.417454012,      -5.017234183,     -0.6871771009
          0,           0,          92,      -6.706539268,      -4.436928786,      -5.008733318,     -0.6840595666
          0,           0,          93,      -6.704182388,      -4.456721322,      -5.001410805,     -0.6817070758
          0,           0,          94,      -6.702829654,      -4.476743698,      -4.995568613,     -0.6803655245
          0,           0,          95,      -6.702662281,       -4.49682823,      -4.991348482,      -0.680215839
          0,           0,          96,      -6.703802075,      -4.516746497,       -4.98888051,     -0.6813790791
          0,           0,          97,      -6.706339648,      -4.536313545,      -4.988239434,     -0.6839470431
          0,           0,          98,      -6.710335452,      -4.555352952,      -4.989444608,     -0.6879796418
          0,           0,          99,      -6.715838925,      -4.573692768,      -4.992533675,     -0.6935272613
          0,           0,         100,      -6.722888911,      -4.591184012,      -4.997542068,     -0.7006296249
          0,           0,         101,      -6.731512636,      -4.607693196,      -5.004477038,     -0.7093149852
          0,           0,         102,      -6.741730639,      -4.623144834,      -5.013348566,     -0.7196051992
          0,           0,         103,      -6.753558456,       -4.63751874,      -5.024154575,      -0.731517254
          0,           0,         104,      -6.767004357,       -4.65079565,      -5.036884012,     -0.7450610006
          0,           0,         105,      -6.782072248,      -4.663046338,       -5.05152482,     -0.7602422407
          0,           0,         106,      -6.798755992,      -4.674344505,      -5.068063155,     -0.7770568125
          0,           0,         107,      -6.817038093,      -4.684805706,      -5.086479031,     -0.7954893467
          0,           0,         108,      -6.836885545,      -4.694536164,      -5.106743856,     -0.8155099137
          0,           0,         109,       -6.85824889,      -4.703669534,       -5.12881817,     -0.8370712623
          0,           0,         110,      -6.881052395,      -4.712346298,      -5.152652619,     -0.8601000972
          0,           0,         111,      -6.905187554,      -4.720687315,       -5.17816575,     -0.8844901273
          0,           0,         112,      -6.930506543,      -4.728852364,      -5.205228859,     -0.9100954999
          0,           0,         113,      -6.956810117,      -4.737004965,      -5.233666522,     -0.9367180579
          0,           0,         114,      -6.983821427,      -4.745280792,      -5.263213575,     -0.9640796762
          0,           0,         115,      -7.011179361,      -4.753790559,        -5.2934856,      -0.991814591
          0,           0,         116,      -7.038418378,      -4.762621317,      -5.323969823,      -1.019447685
          0,           0,         117,      -7.064965415,      -4.771839644,      -5.353967457,      -1.046390894
          0,           0,         118,      -7.090154441,      -4.781526526,      -5.382612938,      -1.071954587
          0,           0,         119,      -7.113252401,      -4.791726357,      -5.408900725,      -1.095375282
          0,           0,         120,      -7.133544714,      -4.802485229,      -5.431772064,      -1.115908136
          0,           0,         121,      -7.150413896,      -4.813805488,      -5.450280455,      -1.132905258
          0,           0,         122,      -7.163444553,      -4.825646815,      -5.463801258,       -1.14593178
          0,           0,         123,      -7.172512862,      -4.838012407,      -5.472142608,       -1.15486022
          0,           0,         124,      -7.177799331,      -4.850842097,      -5.475585768,      -1.159885005
          0,           0,         125,       -7.17977143,      -4.864087029,       -5.47483921,      -1.161502246
          0,           0,         126,      -7.179078355,      -4.877703189,      -5.470861325,      -1.160394078
          0,           0,         127,      -7.176464793,      -4.891637872,      -5.464758612,      -1.157339341
          0,           0,         128,      -7.172664035,      -4.905826437,      -5.457492735,      -1.153099149
          0,           0,         129,      -7.168334647,      -4.920188208,      -5.449887297,      -1.148350478
          0,           0,         130,      -7.164041952,      -4.934609165,      -5.442579266,      -1.143669386
          0,           0,         131,      -7.160241091,      -4.949052614,      -5.436094059,      -1.139516663
          0,           0,         132,      -7.157287887,      -4.963439938,       -5.43079967,      -1.136249291
          0,           0,         133,      -7.155447607,      -4.977715995,       -5.42695597,       -1.13413127
          0,           0,         134,      -7.154914986,      -4.991776513,      -5.424737745,      -1.133354736
          0,           0,         135,      -7.155837024,      -5.005602195,      -5.424268245,      -1.134063372
          0,           0,         136,      -7.158317519,       -5.01910663,      -5.425638892,      -1.136357189
          0,           0,         137,      -7.162433384,      -5.032270908,      -5.428901068,      -1.140310204
          0,           0,         138,      -7.168239249,      -5.045065441,      -5.434095287,      -1.145973898
          0,           0,         139,      -7.175777028,      -5.057486003,      -5.441253904,      -1.153387305
          0,           0,         140,      -7.185080506,      -5.069558481,      -5.450403014,       -1.16258195
          0,           0,         141,      -7.196176117,       -5.08127739,      -5.461568567,      -1.173581631
          0,           0,         142,      -7.209089026,      -5.092671139,      -5.474779163,      -1.186409872
          0,           0,         143,      -7.223847512,      -5.103860857,      -5.490072191,      -1.201093227
          0,           0,         144,      -7.240476166,      -5.114914916,      -5.507488281,      -1.217655096
          0,           0,         145,       -7.25900308,      -5.125964299,      -5.527086396,      -1.236122748
          0,           0,         146,      -7.279446531,      -5.136958266,      -5.548933071,      -1.256512401
          0,           0,         147,      -7.301825694,      -5.148007816,      -5.573088466,      -1.278842697
          0,           0,         148,       -7.32615235,      -5.159210021,      -5.599625442,      -1.303124881
          0,           0,         149,      -7.352424001,      -5.170623214,      -5.628620455,      -1.329355128
          0,           0,         150,      -7.380613424,       -5.18227513,      -5.660152424,      -1.357504887
          0,           0,         151,      -7.410663147,      -5.194287451,      -5.694283055,      -1.387516257
          0,           0,         152,      -7.442448951,      -5.206681121,      -5.731045199,      -1.419263323
          0,           0,         153,      -7.475761864,      -5.219495658,       -5.77039869,      -1.452536148
          0,           0,         154,      -7.510272464,      -5.232786222,      -5.812173295,      -1.487003887
          0,           0,         155,      -7.545469703,      -5.246575708,       -5.85600203,       -1.52215413
          0,           0,         156,      -7.580611916,      -5.260894236,      -5.901150861,      -1.557243994
          0,           0,         157,      -7.614681657,      -5.275729749,       -5.94635675,      -1.591255414
          0,           0,         158,      -7.646382655,      -5.291070004,      -5.989620703,      -1.622892648
          0,           0,         159,      -7.674220839,      -5.306873723,      -6.028137229,      -1.650663421
          0,           0,         160,      -7.696721195,      -5.323119451,      -6.058580581,      -1.673096967
          0,           0,         161,      -7.712744817,      -5.339776281,      -6.078002137,      -1.689060348
          0,           0,         162,      -7.721799713,      -5.356734185,      -6.085035631,      -1.698066375
          0,           0,         163,      -7.724221542,      -5.373944072,      -6.080581132,      -1.700454893
          0,           0,         164,      -7.721043221,      -5.391305618,      -6.067347716,      -1.697258867
          0,           0,         165,      -7.713707196,      -5.408699964,      -6.048690263,      -1.689918412
          0,           0,         166,      -7.703727897,      -5.426019233,      -6.027562052,      -1.679944516
          0,           0,         167,      -7.692458653,      -5.443127253,      -6.006129609,      -1.668686649
          0,           0,         168,      -7.680978408,      -5.459885096,      -5.985813845,      -1.657220848
          0,           0,         169,      -7.670088117,      -5.476166293,      -5.967457776,       -1.64634617
          0,           0,         170,      -7.660345763,      -5.491843943,      -5.951513746,      -1.636619637
          0,           0,         171,      -7.652121707,      -5.506785397,      -5.938189194,      -1.628410896
          0,           0,         172,      -7.645650368,      -5.520860593,      -5.927551942,      -1.621953904
          0,           0,         173,      -7.641074528,      -5.533999173,      -5.919594936,      -1.617391367
          0,           0,         174,      -7.638476223,      -5.546162065,      -5.914272787,      -1.614805432
          0,           0,         175,      -7.637895812,      -5.557321869,      -5.911522893,      -1.614236364
          0,           0,         176,      -7.639350403,      -5.567513449,      -5.911279543,      -1.615701406
          0,           0,         177,      -7.642843374,       -5.57679681,      -5.913482131,      -1.619204063
          0,           0,         178,      -7.648366841,       -5.58526563,      -5.918092343,       -1.62473655
          0,           0,         179,       -7.65591955,       -5.59303393,      -5.925055898,      -1.632297715
          0,           0,         180,      -7.665492615,      -5.600234794,      -5.934356929,      -1.641878748
          0,           0,         181,      -7.677082923,      -5.607019232,       -5.94597846,      -1.653476655
          0,           0,         182,      -7.690690388,      -5.613528643,      -5.959918448,      -1.667091389
          0,           0,         183,      -7.706318825,      -5.619920724,      -5.976192424,       -1.68272693
          0,           0,         184,      -7.723973658,      -5.626333554,      -5.994827412,      -1.700388764
          0,           0,         185,      -7.743660607,      -5.632891787,      -6.015862505,      -1.720082642
          0,           0,         186,      -7.765383342,      -5.639716053,      -6.039348785,      -1.741812335
          0,           0,         187,      -7.789138346,      -5.646911069,      -6.065347024,      -1.765574417
          0,           0,         188,      -7.814906018,      -5.654562174,       -6.09392005,      -1.791349256
          0,           0,         189,      -7.842643923,      -5.662734825,      -6.125128357,        -1.8190944
          0,           0,         190,       -7.87226847,      -5.671498164,      -6.159015739,      -1.848726304
          0,           0,         191,      -7.903630827,      -5.680891442,      -6.195586981,      -1.880096046
          0,           0,         192,       -7.93649125,      -5.690952844,      -6.234768152,      -1.912963827
          0,           0,         193,       -7.97047303,      -5.701712175,      -6.276344724,      -1.946952727
          0,           0,         194,      -8.005011697,      -5.713166071,      -6.319854519,      -1.981497798
          0,           0,         195,      -8.039307609,      -5.725322835,      -6.364439652,      -2.015798966
          0,           0,         196,       -8.07227678,      -5.738163808,      -6.408686114,      -2.048771302
          0,           0,         197,      -8.102582405,      -5.751665039,      -6.450387849,      -2.079077178
          0,           0,         198,      -8.128724664,      -5.765783641,      -6.486582853,      -2.105215888
          0,           0,         199,      -8.149301512,      -5.780484647,      -6.513957341,      -2.125785325
          0,           0,         200,      -8.163314682,      -5.795700366,      -6.529877137,      -2.139787634
          0,           0,         201,       -8.17046699,       -5.81135759,      -6.533524206,      -2.146926904
          0,           0,         202,      -8.171255325,      -5.827366173,      -6.526315522,      -2.147701539
          0,           0,         203,      -8.166819966,      -5.843623377,      -6.511202986,      -2.143253422
          0,           0,         204,      -8.158618239,      -5.860011292,       -6.49147245,      -2.135040867
          0,           0,         205,      -8.148123658,      -5.876408029,      -6.469890648,      -2.124537884
          0,           0,         206,      -8.136612521,      -5.892672509,      -6.448428922,       -2.11302069
          0,           0,         207,      -8.125092945,      -5.908668073,       -6.42833575,      -2.101497205
          0,           0,         208,      -8.114297234,       -5.92425473,      -6.410331109,      -2.090699316
          0,           0,         209,      -8.104737649,      -5.939296479,      -6.394796394,      -2.081138891
          0,           0,         210,      -8.096745428,      -5.953663005,      -6.381899314,      -2.073146866
          0,           0,         211,      -8.090536616,      -5.967251103,       -6.37168608,      -2.066939023
          0,           0,         212,      -8.086237408,      -5.979981691,       -6.36413867,      -2.062641394
          0,           0,         213,      -8.083919766,      -5.991811178,      -6.359206922,      -2.060325795
          0,           0,         214,      -8.083617746,      -6.002717227,      -6.356828563,      -2.060026153
          0,           0,         215,      -8.085345059,      -6.012727286,      -6.356937569,      -2.061756154
          0,           0,         216,      -8.089101886,       -6.02188516,      -6.359471483,      -2.065515666
          0,           0,         217,      -8.094885027,      -6.030297868,      -6.364388943,      -2.071301822
          0,           0,         218,      -8.102688471,      -6.038071609,      -6.371656938,      -2.079108609
          0,           0,         219,      -8.112505615,        -6.0453162,      -6.381247793,      -2.088929285
          0,           0,         220,        -8.1243338,      -6.052177175,      -6.393148693,      -2.100761222
          0,           0,         221,      -8.138174219,      -6.058798232,      -6.407361449,      -2.114605576
          0,           0,         222,      -8.154030756,      -6.065317807,      -6.423902217,      -2.130466181
          0,           0,         223,      -8.171909254,      -6.071873788,      -6.442800601,      -2.148348915
          0,           0,         224,      -8.191816919,      -6.078592292,      -6.464098345,         -2.168261
          0,           0,         225,      -8.213756484,       -6.08558761,      -6.487847788,      -2.190205217
          0,           0,         226,      -8.237725548,      -6.092958949,      -6.514108882,      -2.214179155
          0,           0,         227,      -8.263701618,      -6.100782734,      -6.542948389,      -2.240160238
          0,           0,         228,      -8.291639197,      -6.109132088,      -6.574425725,      -2.268102974
          0,           0,         229,      -8.321455154,      -6.118071816,      -6.608581393,      -2.297924211
          0,           0,         230,      -8.352989458,      -6.127640415,      -6.645420765,      -2.329463813
          0,           0,         231,      -8.385998544,      -6.137876605,       -6.68486066,      -2.362478059
          0,           0,         232,      -8.420083378,      -6.148792578,      -6.726669889,      -2.396567611
          0,           0,         233,      -8.454664742,      -6.160399609,      -6.770358476,      -2.431152761
          0,           0,         234,      -8.488919442,      -6.172699202,      -6.815038542,      -2.465409662
          0,           0,         235,      -8.521748866,      -6.185678363,      -6.859220426,      -2.498239002
          0,           0,         236,       -8.55177698,      -6.199307377,      -6.900631032,      -2.528263947
          0,           0,         237,      -8.577508728,       -6.21355424,      -6.936243049,      -2.553988995
          0,           0,         238,      -8.597575977,      -6.228376611,      -6.962754279,      -2.574046009
          0,           0,         239,      -8.611002744,      -6.243697922,      -6.977634359,      -2.587459767
          0,           0,         240,      -8.617579247,      -6.259446279,      -6.980253776,      -2.594021906
          0,           0,         241,      -8.617861829,      -6.275531645,      -6.972213935,      -2.594290516
          0,           0,         242,      -8.613032831,      -6.291851545,      -6.956549334,      -2.589449299
          0,           0,         243,      -8.604576602,      -6.308294424,      -6.936532896,      -2.580983367
          0,           0,         244,      -8.593941811,       -6.32472439,      -6.914872103,      -2.570341533
          0,           0,         245,      -8.582391119,       -6.34100762,      -6.893468373,      -2.558786236
          0,           0,         246,      -8.570907367,      -6.357007015,      -6.873518013,      -2.547299965
          0,           0,         247,      -8.560200674,      -6.372577469,      -6.855706567,      -2.536592343
          0,           0,         248,      -8.550764002,      -6.387583675,      -6.840388748,      -2.527155944
          0,           0,         249,      -8.542921611,      -6.401904108,      -6.827720484,       -2.51931474
          0,           0,         250,      -8.536879791,         -6.415442,       -6.81773916,       -2.51327478
          0,           0,         251,      -8.532753269,      -6.428109257,      -6.810421885,      -2.509150602
          0,           0,         252,      -8.530613441,      -6.439867494,      -6.805716462,      -2.507013498
          0,           0,         253,      -8.530493857,      -6.450705396,      -6.803559226,      -2.506896911
          0,           0,         254,      -8.532403753,      -6.460642783,      -6.803886069,      -2.508810008
          0,           0,         255,      -8.536344808,      -6.469740512,      -6.806639787,      -2.512754439
          0,           0,         256,      -8.542310819,      -6.478086026,      -6.811772556,      -2.518723982
          0,           0,         257,      -8.550296164,      -6.485791361,      -6.819248556,      -2.526712987
          0,           0,         258,       -8.56029582,      -6.492988471,      -6.829045092,      -2.536716454
          0,           0,         259,       -8.57230729,       -6.49981625,      -6.841152473,        -2.5487319
          0,           0,         260,      -8.586332416,      -6.506411538,      -6.855574245,      -2.562761118
          0,           0,         261,      -8.602373333,      -6.512917674,       -6.87232773,      -2.578806296
          0,           0,         262,      -8.620437315,      -6.519470863,      -6.891442479,      -2.596874727
          0,           0,         263,      -8.640529429,      -6.526191373,      -6.912960962,      -2.616971469
          0,           0,         264,      -8.662656821,      -6.533198016,      -6.936936788,      -2.639103702
          0,           0,         265,      -8.686808916,      -6.540580575,      -6.963432112,      -2.663260844
          0,           0,         266,      -8.712966188,      -6.548426934,      -6.992511525,       -2.68942337
          0,           0,         267,      -8.741084221,      -6.556812894,      -7.024234957,      -2.717546862
          0,           0,         268,      -8.771062483,      -6.565784525,      -7.058642515,      -2.747530677
          0,           0,         269,      -8.802742255,      -6.575391129,       -7.09572845,      -2.779216002
          0,           0,         270,      -8.835871666,      -6.585674136,      -7.135400022,      -2.812350827
          0,           0,         271,      -8.870018734,      -6.596631617,      -7.177406606,       -2.84650279
          0,           0,         272,      -8.904608015,      -6.608291819,      -7.221231596,      -2.881096035
          0,           0,         273,      -8.938779148,      -6.620645731,      -7.265937612,      -2.915269587
          0,           0,         274,      -8.971395881,      -6.633675109,      -7.309964576,      -2.947886434
          0,           0,         275,       -9.00109767,      -6.647363913,      -7.350965941,      -2.977585284
          0,           0,         276,      -9.026347909,      -6.661655012,      -7.385861611,      -3.002828874
          0,           0,         277,      -9.045816983,      -6.676514002,      -7.411368862,      -3.022287735
          0,           0,         278,      -9.058592839,      -6.691865764,        -7.4250924,       -3.03505057
          0,           0,         279,      -9.064552602,      -6.707647166,      -7.426618905,      -3.040996085
          0,           0,         280,      -9.064298412,      -6.723751652,      -7.417727731,      -3.040728039
          0,           0,         281,       -9.05907154,      -6.740084378,      -7.401523771,       -3.03548908
          0,           0,         282,       -9.05035415,      -6.756527747,      -7.381250968,      -3.026762097
          0,           0,         283,      -9.039572808,      -6.772935657,      -7.359544648,      -3.015973731
          0,           0,         284,      -9.027996378,      -6.789198408,       -7.33823484,      -3.004392723
          0,           0,         285,      -9.016562872,      -6.805163467,      -7.318461321,      -2.992956651
          0,           0,         286,      -9.005945403,      -6.820670921,      -7.300871475,      -2.982338154
          0,           0,         287,      -8.996656214,      -6.835628699,      -7.285796719,      -2.973049204
          0,           0,         288,      -8.988973779,       -6.84987936,      -7.273377715,      -2.965367896
          0,           0,         289,      -8.983108359,      -6.863341785,      -7.263645596,      -2.959504292
          0,           0,         290,      -8.979157045,      -6.875912653,      -7.256573141,      -2.955555245
          0,           0,         291,      -8.977212724,      -6.887601487,      -7.252106993,      -2.953613613
          0,           0,         292,      -8.977279448,      -6.898348388,      -7.250183214,      -2.953683261
          0,           0,         293,      -8.979377208,      -6.908203115,      -7.250737637,      -2.955784182
          0,           0,         294,      -8.983505536,        -6.9172249,       -7.25371365,      -2.959915851
          0,           0,         295,      -8.989660094,       -6.92550558,      -7.259065089,      -2.966073898
          0,           0,         296,      -8.997832651,      -6.933158896,      -7.266757189,      -2.974250104
          0,           0,         297,      -9.008018888,      -6.940314513,      -7.276768074,      -2.984440137
          0,           0,         298,      -9.020217371,        -6.9471126,      -7.289089461,      -2.996642563
          0,           0,         299,      -9.034427634,      -6.953693604,      -7.303726002,      -3.010856926
          0,           0,         300,      -9.050655387,      -6.960199103,       -7.32069637,      -3.027088941
          0,           0,         301,      -9.068908786,      -6.966764623,      -7.340031874,      -3.045346782
          0,           0,         302,       -9.08918991,      -6.973508457,      -7.361776115,       -3.06563255
          0,           0,         303,      -9.111504379,      -6.980546029,      -7.385982502,      -3.087951869
          0,           0,         304,      -9.135848291,      -6.987977082,      -7.412712955,      -3.112300858
          0,           0,         305,      -9.162184265,      -6.995867687,      -7.442033529,      -3.138642096
          0,           0,         306,      -9.190488001,      -7.004317318,      -7.474003046,      -3.166951306
          0,           0,         307,      -9.220617899,      -7.013333115,      -7.508660251,      -3.197086719
          0,           0,         308,      -9.252454167,      -7.023013062,      -7.545990671,      -3.228928552
          0,           0,         309,      -9.285686913,      -7.033349939,      -7.585890564,      -3.262166622
          0,           0,         310,       -9.31992727,      -7.044392918,      -7.628090311,      -3.296411855
          0,           0,         311,       -9.35450546,      -7.056111446,      -7.672044837,      -3.330993882
          0,           0,         312,      -9.388568324,      -7.068520311,      -7.716763743,      -3.365058918
          0,           0,         313,      -9.420972889,      -7.081610227,      -7.760621087,      -3.397463274
          0,           0,         314,      -9.450356209,      -7.095373425,      -7.801195098,      -3.426843441
          0,           0,         315,      -9.475071578,      -7.109693568,      -7.835358367,      -3.451551686
          0,           0,         316,      -9.494004802,      -7.124629604,      -7.859848736,      -3.470474545
          0,           0,         317,      -9.506162101,      -7.140034958,      -7.872426497,        -3.4826188
          0,           0,         318,      -9.511459123,      -7.155825825,      -7.872883847,        -3.4879014
          0,           0,         319,      -9.510705323,      -7.171964993,      -7.863173667,      -3.487133875
          0,           0,         320,      -9.505065019,      -7.188295183,      -7.846464055,      -3.481481568
          0,           0,         321,      -9.496123788,       -7.20475574,      -7.825960924,       -3.47253104
          0,           0,         322,      -9.485223383,      -7.221157353,      -7.804227846,       -3.46162386
          0,           0,         323,      -9.473625832,      -7.237400375,      -7.783021597,      -3.450021958
          0,           0,         324,      -9.462236956,      -7.253322615,      -7.763428873,      -3.438630629
          0,           0,         325,      -9.451740792,      -7.268801133,      -7.746061861,      -3.428133603
          0,           0,         326,      -9.442573433,      -7.283678976,      -7.731229637,      -3.418966546
          0,           0,         327,      -9.435050848,      -7.297857119,      -7.719059196,      -3.411445134
          0,           0,         328,      -9.429356191,       -7.31123194,      -7.709575766,      -3.405752304
          0,           0,         329,      -9.425591168,      -7.323722731,      -7.702748828,      -3.401989589
          0,           0,         330,      -9.423833217,      -7.335321354,      -7.698521811,      -3.400234332
          0,           0,         331,      -9.424084653,      -7.345978762,      -7.696829994,      -3.400488721
          0,           0,         332,      -9.426376778,      -7.355765806,      -7.697611029,      -3.402784033
          0,           0,         333,      -9.430690844,      -7.364712404,      -7.700808723,      -3.407101448
          0,           0,         334,      -9.437033245,      -7.372933912,      -7.706378439,      -3.413447363
          0,           0,         335,      -9.445392505,      -7.380536065,       -7.71428622,      -3.421810285
          0,           0,         336,       -9.45576695,      -7.387656173,      -7.724512339,       -3.43218854
          0,           0,         337,      -9.468152637,      -7.394431277,      -7.737048676,      -3.444578187
          0,           0,         338,      -9.482545275,      -7.400994161,      -7.751901355,      -3.458974917
          0,           0,         339,      -9.498966463,      -7.407513878,      -7.769088051,      -3.475400392
          0,           0,         340,      -9.517402755,      -7.414086568,      -7.788643771,      -3.493841144
          0,           0,         341,       -9.53786337,      -7.420841318,      -7.810612635,       -3.51430639
          0,           0,         342,      -9.560382128,      -7.427935977,      -7.835050801,      -3.536830046
          0,           0,         343,      -9.584903118,      -7.435395049,      -7.862019637,      -3.561356112
          0,           0,         344,      -9.611418076,      -7.443326355,      -7.891583017,      -3.587876337
          0,           0,         345,      -9.639896082,      -7.451826994,       -7.92380131,      -3.616359805
          0,           0,         346,      -9.670210481,      -7.460923093,      -7.958705394,      -3.646679799
          0,           0,         347,      -9.702126381,      -7.470602142,      -7.996279569,      -3.678601075
          0,           0,         348,      -9.735549875,      -7.481070145,       -8.03640848,      -3.712030094
          0,           0,         349,      -9.769833669,       -7.49215939,      -8.078804232,      -3.746318746
          0,           0,         350,      -9.804413378,      -7.503948043,      -8.122878975,      -3.780902196
          0,           0,         351,      -9.838363744,      -7.516413339,      -8.167595398,      -3.814854561
          0,           0,         352,       -9.87054166,      -7.529561407,      -8.211257829,      -3.847031927
          0,           0,         353,      -9.899519651,      -7.543357251,      -8.251379077,      -3.876006178
          0,           0,         354,      -9.923880112,      -7.557802256,      -8.284774448,      -3.900359697
          0,           0,         355,      -9.942028604,      -7.572693714,      -8.308238031,      -3.918497154
          0,           0,         356,      -9.953577557,       -7.58815156,      -8.319661023,      -3.930032797
          0,           0,         357,       -9.95839101,      -7.604034898,       -8.31907335,      -3.934832168
          0,           0,         358,      -9.957059701,      -7.620162273,       -8.30858071,      -3.933487169
          0,           0,         359,      -9.951029005,      -7.636494942,      -8.291387692,      -3.927444641
          0,           0,         360,       -9.94184067,      -7.652946221,      -8.270675978,      -3.918247116
          0,           0,         361,      -9.930907546,      -7.669399561,      -8.248929893,      -3.907307695
          0,           0,         362,      -9.919218862,      -7.685553442,      -8.227833061,       -3.89561469
          0,           0,         363,      -9.907941164,       -7.70149268,      -8.208424645,      -3.884334863
          0,           0,         364,      -9.897530538,       -7.71690012,      -8.191281883,       -3.87392345
          0,           0,         365,      -9.888515483,      -7.731731774,      -8.176691087,      -3.864908836
          0,           0,         366,      -9.881128615,       -7.74580057,       -8.16476924,      -3.857523108
          0,           0,         367,      -9.875598577,      -7.759076974,      -8.155533873,      -3.851994873
          0,           0,         368,      -9.872089326,      -7.771607663,      -8.148950045,      -3.848488176
          0,           0,         369,      -9.870443413,      -7.782993407,      -8.144960076,       -3.84684483
          0,           0,         370,      -9.870915572,      -7.793626577,      -8.143499719,      -3.847320003
          0,           0,         371,      -9.873396337,      -7.803338092,      -8.144505417,      -3.849804001
          0,           0,         372,       -9.87788563,      -7.812187982,      -8.147923074,      -3.854296618
          0,           0,         373,      -9.884419726,      -7.820356697,      -8.153709965,      -3.860834238
          0,           0,         374,      -9.892965144,      -7.827907167,       -8.16183247,      -3.869383329
          0,           0,         375,        -9.9035262,      -7.834987488,       -8.17227204,      -3.879948208
          0,           0,         376,      -9.916097263,      -7.841731283,      -8.185023506,      -3.892523237
          0,           0,         377,      -9.930703346,      -7.848325772,      -8.200093216,      -3.907133507
          0,           0,         378,      -9.947297896,      -7.854823329,      -8.217502906,      -3.923732359
          0,           0,         379,      -9.965897573,      -7.861375287,      -8.237279084,      -3.942336443
          0,           0,         380,      -9.986578584,      -7.868210265,      -8.259468599,      -3.963022193
          0,           0,         381,      -10.00925612,      -7.875296473,      -8.284135941,      -3.985704597
          0,           0,         382,      -10.03393395,      -7.882755493,      -8.311340224,      -4.010387393
          0,           0,         383,      -10.06070669,      -7.890826366,      -8.341150398,      -4.037165583
          0,           0,         384,      -10.08932364,      -7.899338018,      -8.373619707,      -4.065787974
          0,           0,         385,      -10.11979874,      -7.908495033,      -8.408768794,      -4.096268689
          0,           0,         386,      -10.15187217,      -7.918254169,      -8.446580725,      -4.128347472
          0,           0,         387,      -10.18544853,      -7.928821438,      -8.486933469,      -4.161929522
          0,           0,         388,      -10.21965415,      -7.939871659,      -8.529515399,      -4.196139495
          0,           0,         389,      -10.25428836,      -7.951771597,      -8.573701346,      -4.230777389
          0,           0,         390,      -10.28810516,      -7.964283425,      -8.618415268,      -4.264595959
          0,           0,         391,      -10.32005575,      -7.977498594,      -8.661877646,      -4.296545816
          0,           0,         392,       -10.3486791,      -7.991363219,      -8.701511648,      -4.325165332
          0,           0,         393,        -10.372693,      -8.005943666,      -8.734111634,       -4.34917239
          0,           0,         394,       -10.3902323,      -8.020887285,      -8.756518234,      -4.366700482
          0,           0,         395,      -10.40077052,      -8.036201795,       -8.76678384,      -4.377223734
          0,           0,         396,      -10.40512909,      -8.052177722,       -8.76515522,      -4.381568157
          0,           0,         397,       -10.4034355,      -8.068399924,      -8.753928541,      -4.379861955
          0,           0,         398,      -10.39701532,      -8.084733039,      -8.736289001,      -4.373430313
          0,           0,         399,       -10.3875514,      -8.101148143,      -8.715384635,      -4.363957273
          0,           0,         400,       -10.3765128,      -8.117578107,      -8.693640573,      -4.352912489
          0,           0,         401,      -10.36492087,      -8.133803504,      -8.672673085,      -4.341316702
          0,           0,         402,      -10.35365025,      -8.149660769,      -8.653453666,      -4.330043903
          0,           0,         403,      -10.34326697,      -8.164918752,      -8.636534829,      -4.319659656
          0,           0,         404,       -10.3344844,        -8.1797918,      -8.622188301,      -4.310877751
          0,           0,         405,      -10.32723761,       -8.19375788,      -8.610512674,      -4.303632167
          0,           0,         406,      -10.32192084,      -8.207015865,      -8.601523148,      -4.298317382
          0,           0,         407,      -10.31850406,      -8.219312975,      -8.595179763,      -4.294902976
          0,           0,         408,      -10.31715641,      -8.230810296,      -8.591425047,      -4.293558212
          0,           0,         409,      -10.31776355,      -8.241269286,      -8.590192157,      -4.294168321
          0,           0,         410,      -10.32043625,       -8.25090822,      -8.591424181,      -4.296844253
          0,           0,         411,      -10.32510074,      -8.259657525,      -8.595063184,      -4.301512009
          0,           0,         412,      -10.33183331,      -8.267784965,       -8.60107039,      -4.308248169
          0,           0,         413,      -10.34056388,      -8.275281764,      -8.609407641,      -4.316982404
          0,           0,         414,      -10.35132099,      -8.282344309,      -8.620062074,      -4.327743396
          0,           0,         415,      -10.36404545,      -8.289011405,       -8.63302897,      -4.340471753
          0,           0,         416,      -10.37883864,      -8.295604587,      -8.648308211,      -4.355269136
          0,           0,         417,      -10.39564575,      -8.302146607,      -8.665932024,       -4.37208065
          0,           0,         418,      -10.41447883,      -8.308785197,      -8.685934069,      -4.390918347
          0,           0,         419,      -10.43530507,      -8.315585069,      -8.708350274,      -4.411749245
          0,           0,         420,      -10.45811617,      -8.322639626,      -8.733248725,      -4.434565044
          0,           0,         421,      -10.48286143,      -8.329986811,      -8.760679509,      -4.459314793
          0,           0,         422,      -10.51008082,      -8.338426218,      -8.790729118,      -4.486540381
          0,           0,         423,      -10.53886217,      -8.346973081,      -8.823467291,      -4.515327424
          0,           0,         424,      -10.56923545,      -8.355923108,      -8.858856762,      -4.545705603
          0,           0,         425,      -10.60178299,      -8.366056018,      -8.896908436,      -4.578259137
          0,           0,         426,      -10.63502651,      -8.376316888,      -8.937494329,      -4.611507124
          0,           0,         427,      -10.66949971,      -8.387598716,      -8.980238722,      -4.645985021
          0,           0,         428,      -10.70424635,      -8.399652069,      -9.024531834,      -4.680736181
          0,           0,         429,      -10.73765476,       -8.41206371,      -9.069232937,      -4.714145395
          0,           0,         430,      -10.76983378,      -8.425611187,      -9.112426413,      -4.746324396
          0,           0,         431,      -10.79737362,      -8.439154756,       -9.15157983,      -4.773857773
          0,           0,         432,      -10.82091099,      -8.453801829,      -9.183411924,      -4.797387631
          0,           0,         433,      -10.83810263,      -8.468911848,      -9.204685153,      -4.814568514
          0,           0,         434,       -10.8489305,      -8.484742731,      -9.213804737,      -4.825385478
          0,           0,         435,      -10.85168803,      -8.500261093,      -9.211173589,      -4.828126995
          0,           0,         436,       -10.8493781,       -8.51642747,      -9.199156262,      -4.825803548
          0,           0,         437,      -10.84287683,      -8.532909545,      -9.181079876,      -4.819290581
          0,           0,         438,      -10.83374211,      -8.549716566,      -9.160024633,      -4.810148732
          0,           0,         439,      -10.82167445,      -8.565428409,      -9.138313589,      -4.798072891
          0,           0,         440,      -10.81049965,      -8.581956051,       -9.11744427,      -4.786894602
          0,           0,         441,       -10.7995151,      -8.597998183,      -9.098434504,      -4.775909037
          0,           0,         442,      -10.78889784,      -8.612817269,      -9.081756244,      -4.765290483
          0,           0,         443,      -10.78024646,      -8.627577736,      -9.067653637,      -4.756639373
          0,           0,         444,      -10.77345709,      -8.641878102,      -9.056235836,      -4.749852001
          0,           0,         445,      -10.76807182,      -8.654670117,      -9.047490823,      -4.744468257
          0,           0,         446,       -10.7649432,      -8.667033388,      -9.041392473,      -4.741342429
          0,           0,         447,      -10.76383273,      -8.678539745,      -9.037878117,      -4.740234948
          0,           0,         448,      -10.76466858,      -8.689009383,      -9.036874149,       -4.74107398
          0,           0,         449,      -10.76741443,       -8.69833045,      -9.038329372,      -4.743822699
          0,           0,         450,      -10.77235782,      -8.707152218,      -9.042206209,      -4.748769635
          0,           0,         451,      -10.77925289,      -8.715128278,      -9.048447069,      -4.755668158
          0,           0,         452,      -10.78819503,      -8.722605972,      -9.057019103,      -4.764613973
          0,           0,         453,       -10.7991348,      -8.729641324,      -9.067891923,      -4.775557741
          0,           0,         454,      -10.81206253,      -8.736333924,      -9.081066292,      -4.788489561
          0,           0,         455,      -10.82695672,       -8.74278588,      -9.096561169,      -4.803387744
          0,           0,         456,       -10.8438546,      -8.749172844,       -9.11438104,       -4.82028949
          0,           0,         457,      -10.86305396,      -8.756090538,      -9.134605219,      -4.839493953
          0,           0,         458,      -10.88411611,      -8.762960363,      -9.157285837,      -4.860561376
          0,           0,         459,      -10.90694285,      -8.769800789,      -9.182424341,      -4.883392508
          0,           0,         460,      -10.93213264,      -8.777546628,      -9.210103693,      -4.908587208
          0,           0,         461,      -10.95944484,      -8.785931134,      -9.240428038,      -4.935905488
          0,           0,         462,      -10.98820761,      -8.794334787,      -9.273383962,      -4.964673477
          0,           0,         463,      -11.01881057,      -8.803411896,      -9.309006257,      -4.995281569
          0,           0,         464,      -11.05097479,      -8.813114574,      -9.347329008,      -5.027449899
          0,           0,         465,      -11.08536688,      -8.824332374,      -9.388182725,      -5.061849535
          0,           0,         466,      -11.11937446,      -8.835320167,      -9.431103186,      -5.095862433
          0,           0,         467,      -11.15419282,      -8.847526573,      -9.475408263,      -5.130684227
          0,           0,         468,      -11.18737421,      -8.859924511,      -9.520123496,      -5.163865733
          0,           0,         469,      -11.21907112,      -8.873399954,      -9.563010993,      -5.195562439
          0,           0,         470,      -11.24647574,      -8.887165757,      -9.601657341,      -5.222959226
          0,           0,         471,      -11.26944197,      -8.901879603,      -9.632580098,      -5.245918303
          0,           0,         472,        -11.287671,       -8.91789249,      -9.652630718,      -5.264142729
          0,           0,         473,      -11.29347611,      -8.931599907,      -9.660590914,      -5.269922311
          0,           0,         474,      -11.29801107,      -8.948303944,      -9.656880024,      -5.274445479
          0,           0,         475,        -11.296495,      -8.965183192,      -9.644154631,      -5.272921238
          0,           0,         476,      -11.28897085,      -8.981319629,        -9.6257981,      -5.265388576
          0,           0,         477,      -11.27791591,      -8.996887311,      -9.604597258,      -5.254319553
          0,           0,         478,      -11.26700136,      -9.013407859,      -9.582979073,      -5.243398715
          0,           0,         479,      -11.25670859,      -9.030707084,      -9.562261289,      -5.233106809
          0,           0,         480,      -11.24469352,      -9.045599054,      -9.543456174,      -5.221089051
          0,           0,         481,      -11.23426279,      -9.060334671,      -9.527026102,      -5.210654964
          0,           0,         482,      -11.22638803,      -9.075837289,      -9.513189562,      -5.202781571
          0,           0,         483,      -11.21960674,      -9.089870906,      -9.502023865,      -5.196002824
          0,           0,         484,       -11.2142864,      -9.102383018,       -9.49351777,      -5.190684229
          0,           0,         485,      -11.21107544,      -9.114137995,      -9.487662695,      -5.187474657
          0,           0,         486,       -11.2108165,      -9.126722877,      -9.484405739,      -5.187221124
          0,           0,         487,      -11.21154615,      -9.136523449,      -9.483629397,      -5.187952885
          0,           0,         488,      -11.21476142,      -9.146274295,      -9.485330045,      -5.191171897
          0,           0,         489,       -11.2197329,      -9.154602445,      -9.489454199,      -5.196145994
          0,           0,         490,      -11.22687861,      -9.162494339,      -9.495976444,      -5.203294901
          0,           0,         491,       -11.2360558,      -9.169885036,      -9.504821584,      -5.212475586
          0,           0,         492,      -11.24725332,      -9.176929972,      -9.515956939,      -5.223677785
          0,           0,         493,      -11.26045933,      -9.183716237,       -9.52938555,      -5.236888311
          0,           0,         494,      -11.27558438,      -9.190224936,      -9.545129217,      -5.252018026
          0,           0,         495,      -11.29267636,      -9.196730775,       -9.56320926,      -5.269115118
          0,           0,         496,      -11.31221271,      -9.204117334,      -9.583602409,      -5.288658164
          0,           0,         497,      -11.33246867,      -9.209619263,      -9.606445447,      -5.308915246
          0,           0,         498,      -11.35547678,      -9.216570415,      -9.631756367,      -5.331926523
          0,           0,         499,      -11.38114175,      -9.224741021,        -9.6597274,      -5.357596944
          0,           0,         500,       -11.4090568,      -9.233745219,      -9.690339975,      -5.385520835
          0,           0,         501,      -11.43628885,      -9.240352302,      -9.723535171,      -5.412753404
          0,           0,         502,      -11.46823133,      -9.250779622,      -9.759319016,      -5.444705652
          0,           0,         503,      -11.50250252,      -9.262475644,      -9.797916793,      -5.478991406
          0,           0,         504,      -11.53402714,      -9.271424281,      -9.838954437,      -5.510515225
          0,           0,         505,      -11.56696074,      -9.281730529,      -9.881988836,      -5.543444431
          0,           0,         506,      -11.60485119,      -9.296156538,      -9.926505824,       -5.58134966
          0,           0,         507,      -11.63483385,      -9.306811284,      -9.971275463,      -5.611324322
          0,           0,         508,      -11.66491815,      -9.319701351,      -10.01368229,      -5.641399052
          0,           0,         509,      -11.69735439,      -9.336441312,      -10.05131264,      -5.673846154
          0,           0,         510,      -11.71371668,      -9.348053811,      -10.08137131,      -5.690188301
          0,           0,         511,      -11.73179357,      -9.364158093,      -10.10024008,      -5.708265477
          0,           0,         512,      -11.74637306,      -9.382669524,      -10.10718474,      -5.722857748
          0,           0,         513,      -11.74498376,      -9.396953477,      -10.10260161,      -5.721442576
          0,           0,         514,      -11.73789134,      -9.410882869,      -10.08902243,      -5.714317751
          0,           0,         515,      -11.73171908,      -9.427622169,      -10.07016214,       -5.70812852
          0,           0,         516,      -11.72925665,       -9.44955741,      -10.04915328,      -5.705688154
          0,           0,         517,      -11.70989437,      -9.459583404,       -10.0275667,      -5.686295244
          0,           0,         518,      -11.69846796,       -9.47520258,      -10.00688703,      -5.674858979
          0,           0,         519,      -11.68988989,      -9.492872069,      -9.988506843,       -5.66628399
          0,           0,         520,      -11.68137689,      -9.509572984,      -9.972452374,      -5.657777058
          0,           0,         521,      -11.67186748,      -9.522591009,      -9.958979711,      -5.648266307
          0,           0,         522,      -11.66605502,      -9.537443888,      -9.948138404,      -5.642459185
          0,           0,         523,      -11.65944878,      -9.547134659,      -9.939943062,       -5.63584474
          0,           0,         524,      -11.65769096,      -9.560791291,      -9.934441581,      -5.634093597
          0,           0,         525,      -11.65702171,      -9.572103939,      -9.931424426,      -5.633425733
          0,           0,         526,      -11.65847853,      -9.582833305,      -9.930935526,      -5.634885814
          0,           0,         527,      -11.66176853,      -9.592308533,      -9.932837596,      -5.638178063
          0,           0,         528,      -11.66703999,      -9.600937765,      -9.937171039,      -5.643452951
          0,           0,         529,      -11.67432335,      -9.608894273,      -9.943843278,       -5.65073943
          0,           0,         530,      -11.68362183,      -9.616406754,      -9.952879999,      -5.660042239
          0,           0,         531,      -11.69507852,      -9.623931199,      -9.964241827,      -5.671506016
          0,           0,         532,      -11.70839302,      -9.630902569,       -9.97779739,       -5.68482449
          0,           0,         533,       -11.7236107,      -9.637825568,      -9.993673596,      -5.700049253
          0,           0,         534,      -11.74040623,      -9.644111109,      -10.01170331,      -5.716847003
          0,           0,         535,      -11.75879883,      -9.649810501,      -10.03189495,      -5.735238731
          0,           0,         536,      -11.77980056,      -9.656675523,      -10.05465338,      -5.756246399
          0,           0,         537,       -11.8030516,      -9.664032141,      -10.07995641,      -5.779503595
          0,           0,         538,      -11.82762776,      -9.670861124,      -10.10796294,      -5.804084417
          0,           0,         539,      -11.85274707,      -9.676469999,      -10.13845929,      -5.829195551
          0,           0,         540,      -11.88126602,      -9.684699496,      -10.17178584,      -5.857715024
          0,           0,         541,      -11.91242467,      -9.694592646,      -10.20757269,      -5.888881717
          0,           0,         542,      -11.94492246,      -9.704878747,      -10.24600173,      -5.921386563
          0,           0,         543,      -11.97808263,      -9.715452923,      -10.28671409,       -5.95455768
          0,           0,         544,      -12.01070041,      -9.725803367,      -10.32967418,      -5.987179977
